Name;Phone;Email;Category
Penzion Statek Habří (7101);+420720333420;;farmy_statky
Luxusní statek u Sedlčan (2906);602332712 | 31681044006;;farmy_statky
Farma Vyšehrad (9484);602781488;;farmy_statky
Ubytování na Statku (9115);602555595;;farmy_statky
Statek Kopanina (9228);+420605181483;;farmy_statky
Statek (2210);777245863;;farmy_statky
Statek u Benešů (1481);602621839 | 6066612371800;;farmy_statky
Farma Mokřiny (13413);608541522 | 608541521;;farmy_statky
Statek u Chobotnice (277);604377590;;farmy_statky
Statek U Medvěda (878);777788799 | 777788798;;farmy_statky
Samostatné apartmány v Českém ráji (3819);602212788;;farmy_statky
Statek Humenec (11597);725951239;;farmy_statky
Tradiční třeboňský statek u Šafářů (9780);721843679;;farmy_statky
Statek U Žáků (2204);602252484;;farmy_statky
Statek Blatiny (10888);775913929 | 775613929;;farmy_statky
Historický statek Kojetice (2579);602290538;;farmy_statky
Samostatný apartmán pod Rejvízem (6357);603772345 | 737583307;;farmy_statky
Ubytování Na návsi - statek (13425);723435019 | 606494654;;farmy_statky
Apartmány na statku (4405);777211400;;farmy_statky
Statek u Potoka (3132);601336089;;farmy_statky
Ořechový dvůr (3827);777712571;;farmy_statky
Statek (3812);725018078;;farmy_statky
Ubytování na statku nedaleko Ratibořic (10954);605591119 | 737829371;;farmy_statky
Statek Jindřiška (8514);723286983;;farmy_statky
Statek Hájek (11746);608334224;;farmy_statky
Statek (8030);775029769 | 731477142;;farmy_statky
Statek Vletice (13716);607102674;;farmy_statky
Statek Vlastiboř u Soběslavi (8018);777291164;;farmy_statky
Statek (8163);724809398;;farmy_statky
Statek Brčálník (17790);721122439;;farmy_statky
Apartmán Farma Hrnčíř (5431);723385307 | 728945686;;farmy_statky
Chalupa Statek Lhota pod sjezdovkou (2405);733444209 | 605750652;;farmy_statky
Penzion U Statku (11370);777839195 | 777155730;;farmy_statky
Statek u Váňů (2037);606416631;;farmy_statky
Statek Březina (8253);+420774095504;;farmy_statky
Statek Dolní Kožlí (17938);723437871 | 606611961;;farmy_statky
Statek u Frýbů (21761);774048704;;farmy_statky
Statek Novohradské Hory (15599);723244645;;farmy_statky
Statek U Kaple (5414);777569736 | 737686789;;farmy_statky
Chalupa na farmě Kovárna (2155);+420775086050;;farmy_statky
Chalupa u farmy (18397);720624693;;farmy_statky
Statek Losiny (13203);736487138 | 774927260;;farmy_statky
Statek Oskar (17259);721464382;;farmy_statky
Chaloupka Farma Strážnice (18701);721606902;;farmy_statky
Statek 32 Podolsko (17225);721222384;;farmy_statky
Farma pod kopcem (6811);777211892;;farmy_statky
Statek jak víno (16790);606803563 | 720529788;;farmy_statky
Statek (11636);777291164;;farmy_statky
Šlechtův statek (13120);+420723559639;;farmy_statky
Ubytování - statek Biobýt (10987);737624046 | 777166316;;farmy_statky
Statek Otovice (11382);723507215;;farmy_statky
Statek Vilémov (13816);603862219 | 732590703;;farmy_statky
Statek Mladějov (19962);608155009 | 728300971;;farmy_statky
Chalupa na statku u Flajšmanů (437);774622999 | 774622563;;farmy_statky
Samostatný apartmán pod Rejvízem 2 (15129);603772345 | 737583307;;farmy_statky
Chalupa-statek Arkáda (9449);720292880;;farmy_statky
Statek Žíšov u Veselí nad Lužnicí (21828);776292727 | 608214052;;farmy_statky
Statek Horní Slatina (5410);602146254;;farmy_statky
BioFarma Dolejší mlýn (16890);777938568;;farmy_statky
Statek (16593);723727537;;farmy_statky
Samostatný domek Srdcovka ❤️ (16732);774076239;;farmy_statky
Ubytování Na Statku (4668);721020459 | 728775158;;farmy_statky
Pronájem chalupy (2028);603453211 | 731113842;;farmy_statky
Knížecí statek (6624);776205956;;farmy_statky
Statek Široký Důl (12708);739083179;;farmy_statky
Statek U Drsů (8104);728757848;;farmy_statky
Statek U Pepíka (2940);605348214;;farmy_statky
Luxusní apartmán Blonde farm (22002);739018082 | 605578974;;farmy_statky
STATEK VRANČ (3570);605845684;;farmy_statky
Ringelův statek (8519);+420773263623;;farmy_statky
Statek Bezdědice (13584);608606838;;farmy_statky
Statek AB Relax (7058);777747764 | 777296877;;farmy_statky
Statek v Domanicích (18489);602534882 | 725936808;;farmy_statky
Penzion MALÁ FARMA (14554);725375100 | 770139448;;farmy_statky
Statek (13126);777550642 | 604851767;;farmy_statky
Statek u Magdy (17117);737687785 | 606543778;;farmy_statky
Statek Hrachov (6909);723719369;;farmy_statky
Škodův statek (8258);603767196;;farmy_statky
Apartmán Pod statkem (9269);777590476 | 776599290;;farmy_statky
Olešnické stavení u Trhových Svinů (15442);778024345;;farmy_statky
Škorničkův statek - apartmány s wellness (16734);+420723438467;;farmy_statky
Statek Blaník (4415);603155215;;farmy_statky
Statek Dobešov (11983);723366879 | 606294738;;farmy_statky
Dvůr u Třeboně (5397);720370260 | 724364423;;farmy_statky
Statek Sudoměř u Písku (21083);776147664 | 603773053;;farmy_statky
Máchův statek (5066);605120271 | 775256596;;farmy_statky
Statek Ostružno (21460);739418404;;farmy_statky
Statek Perná (1323);722302386;;farmy_statky
Statek u Marečků (1786);777800094;;farmy_statky
Bydlení na statku (16661);773453377;;farmy_statky
Statek Záříčí u Červené Lhoty (14555);777291164;;farmy_statky
Penzion Horský statek (13641);+420602241074;;farmy_statky
Ubytování na rodinném statku (10699);604552386 | 776746484;;farmy_statky
Škorničkův statek - Tátova chalupa s wellness (15035);777987775;;farmy_statky
Farma Náhlov (5986);;;farmy_statky
Rekreační chalupa Statek Kotlan (8533);773734009;;farmy_statky
Statek Polžov (7890);777826700 | 608826700;;farmy_statky
Svatby, oslavy a ubytování na statku Matějov (3142);739291885 | 566667149;;farmy_statky
Chalupa na Herynkově statku (11328);777948482;;farmy_statky
Apartmán na farmě u koní (223);608512666;;farmy_statky
Malý Statek Hradečná (18937);602308388;;farmy_statky
Statek Homole (3382);603786004;;farmy_statky
Statek U Rajmunda zemědělská farma (18502);604484404;;farmy_statky
Cerhákův statek (10219);732902219;;farmy_statky
Apartmán na kozí farmě v Beskydech (18167);731216911;;farmy_statky
Statek Pod Břízou (19757);725567053 | 724901210;;farmy_statky
Statek Radostice u Trocnova (18217);777227460;;farmy_statky
Statek Samotín (19244);+420604877903;;farmy_statky
Statek nad Střelou (19190);+420777322609;;farmy_statky
Vejborův statek (4429);737242213;;farmy_statky
Ubytování na statku (17343);603284294;;farmy_statky
Statek (1490);721309122;;farmy_statky
Statek U Kubů (3992);601364714 | 604297672;;farmy_statky
BYT SPRÁVCE na statku Vranč (7679);605845684;;farmy_statky
Mlýn Drásov (21103);776016911;;farmy_statky
Statek u Berků (2493);602284474;;farmy_statky
Stylový statek v Českém středohoří (11345);603240242;;farmy_statky
Farma Macas (21353);603236311 | 603194844;;farmy_statky
Lukov OPEN (13253);605271540;;farmy_statky
Statek pod Strání (18141);721801873;;farmy_statky
Statek Dva ořechy (21284);720025433;;farmy_statky
Bořetínský Statek (4281);776444477;;farmy_statky
Farma Na pasece (21989);774848322;;farmy_statky
U nás ve Lhotě - rodinný statek (17238);+420735729296;;farmy_statky
JV Ranch České Švýcarsko (4280);607617308;;farmy_statky
Statek Tylov (2061);606769852;;farmy_statky
Sládků statek (95);602656653;;farmy_statky
Penzion na Statku (10137);728166949;;farmy_statky
Apartmán na statku (18920);606437763 | 605243032;;farmy_statky
Farma Opatrných (18921);728231832;;farmy_statky
Statek U Kalinů (11354);777185433;;farmy_statky
Apartmán Bezděkovský mlýn (9730);606110436;;farmy_statky
Pension a farma Šimral (13102);737670913;;farmy_statky
Machoňův statek (13022);608249658 | 776010038;;farmy_statky
Farma Nesyt (2302);775705540;;farmy_statky
Penzion - Statek u sv. Jána (2794);733541225;;farmy_statky
Penzion Daniela - ubytování na farmě (8368);777712577 | 602664620;;farmy_statky
Statek Čtyřlístek (12445);777259562 | 777259561;;farmy_statky
Ubytovna NA STATKU (1769);602876964;;farmy_statky
Podřipská farma rodiny Šebkových (8246);777032332 | 777599554;;farmy_statky
Statek Polánka (15070);737763974 | 606451044;;farmy_statky
Penzion U Lucerny s malou farmičkou (664);+420775606211;;farmy_statky
Penzion U Statkářky - Habří (8833);777404564;;farmy_statky
Ubytování Na statku (6035);739403848;;farmy_statky
Statek (1249);602942256;;farmy_statky
Ubytování ve statku (3448);603844030;;farmy_statky
Ekofarma Bílý mrak (17578);603309592 | 603967880;;farmy_statky
Rychtářův Statek (8353);608979006;;farmy_statky
Statek (4494);607600636;;farmy_statky
Chata U modrého statku (16752);604465258;;farmy_statky
Farma Severák (16721);+420602949559;;farmy_statky
Apartmány Farma Alpaka (4593);602115120;;farmy_statky
Statek Napořád (18762);773564245;;farmy_statky
Na Statku (18554);+420776707797;;farmy_statky
Statek (13337);775140588;;farmy_statky
Statek Zrůbek (13132);739928219;;farmy_statky
Statek Hostačov (18555);+420736437761;;farmy_statky
Apartmán na statku (929);+420775627107 | +420792335387;;farmy_statky
Apartmán na farmě (21579);777978423;;farmy_statky
Ubytování na jelení farmě (8795);722750203;;farmy_statky
Chalupa na statku u bran Brd (579);776706271 | 775982426;;farmy_statky
Statek Na návsi (22089);725191959;;farmy_statky
Ubytování na statku (7376);774720764 | 732756519;;farmy_statky
Statek na Hronovce (12689);724141910 | 724913232;;farmy_statky
Chatky Na Statku (15499);728928835;;farmy_statky
Statek Štrobl (15232);608842088;;farmy_statky
Statek Tachov (13578);723125779 | 606555502;;farmy_statky
Statek Keblice (12638);;;farmy_statky
Samostatný apartmán v RD Brno (15563);;;farmy_statky
Statek (2065);606661429;;farmy_statky
Farma Dolík (19101);+420604147163 | +420569425716;;farmy_statky
Vejminek Malý Statek (10021);722941962 | 723441040;;farmy_statky
Nádech - glamping na statku (19857);605422523;;farmy_statky
Ubytování na statku (9085);+420602493887;;farmy_statky
Penzion U Kozáků (5395);777210649;;farmy_statky
Farma Simandl - mobilheim (13414);777300407;;farmy_statky
Vejminek na farmě u koní (10785);608512666;;farmy_statky
Farma U sv. Jakuba (3059);604148742;;farmy_statky
Na Statku (14307);606394146;;farmy_statky
Ranč Telč (21627);602491230;;farmy_statky
Šumavský statek (19435);720806256;;farmy_statky
Penzion na statku (13187);601351161 | 723919748;;farmy_statky
Chalupa U Statku (5493);;;farmy_statky
Farmička Modřínka (7353);776350833 | 777228777;;farmy_statky
Statek (4157);606507769;;farmy_statky
Statek U Horkých (4764);;;farmy_statky
Domeček U oveček (8041);+420777007169;;farmy_statky
Apartmány na statku (16318);602290538;;farmy_statky
Statek Salajna (6286);601695218 | 606474496;;farmy_statky
Hospoda "na statku" (10939);383491007 | 739016114;;farmy_statky
Statek s bazénem (10639);727826469;;farmy_statky
Nyčuv statek Broumovsko (17986);721002716;;farmy_statky
Na statku (1003);722524367 | 723524367;;farmy_statky
Farma u Vojtků (7310);777075055;;farmy_statky
Romantický statek s velkým bazénem u ZOO (16258);776355882;;farmy_statky
Statek (19146);777936493 | 725505667;;farmy_statky
Farma Menšík (3195);736180388 | 731883463;;farmy_statky
Penzion Pod Hájkem s farmářskou restaurací (8414);+420910050070 | +420487989076;;farmy_statky
Farma Hamr (14969);602353556;;farmy_statky
Statek Štěpánovice (9655);607066139;;farmy_statky
Samostatný domeček (10491);608971804;;farmy_statky
Penzion u Černého koně (10028);792770410;;farmy_statky
Na koňské farmě (12771);739261652;;farmy_statky
Ubytování Na Statku (4831);777117930 | 777159359;;farmy_statky
Statek u koní (19496);605817352;;farmy_statky
Moravský statek (8288);728896067;;farmy_statky
Kořistův statek (13188);739046096 | 736122576;;farmy_statky
Statek Zelený dub (6547);799512051;;farmy_statky
Statek 85 (14861);775041408;;farmy_statky
Levandulový statek s wellness (18610);728015449;;farmy_statky
Chalupa Kalamajka (12613);775265125;;farmy_statky
Chalupa Dagmar (5013);728977033 | 728252323;;farmy_statky
Chata č.106 (8649);728998885;;farmy_statky
Roubená chata Dřevěnka (5725);+420606754413 | +420603448489;;farmy_statky
Chalupa k pronájmu (3582);605591119 | 737829371;;farmy_statky
Penzion Na Vyhlídce (1448);602570147;;farmy_statky
Údolí černého čápa (12347);775229013;;farmy_statky
Penzion na Farmě (7410);602188167 | 737185539;;farmy_statky
Odpočinek V srdci Českého Ráje (2630);604853181;;sruby_roubenky
Chaloupka v Lesném (14119);725338750;;sruby_roubenky
Roubenka Jílové (542);608561223;;sruby_roubenky
Medvědí chata pod Lysou horou (12944);608885113;;sruby_roubenky
Horská chata - Skiareál Turek (7749);777236215;;sruby_roubenky
Pronájem srubu (11224);773770010;;sruby_roubenky
Pronájem chalupy (6104);777006006;;sruby_roubenky
Roubenka na Páleném (4842);731464678;;sruby_roubenky
Roubenky vedle sebe (1259);773042211;;sruby_roubenky
Apartmány U Jana (11819);721937563;;sruby_roubenky
Roubenky U veverky (12464);777824274;;sruby_roubenky
GOLD VALLEY - stylový domeček v malebném údolí (9218);604574066;;sruby_roubenky
Roubenka Pod skálou (1915);602390336;;sruby_roubenky
Srub Karolínka (3155);777583580 | 776008489;;sruby_roubenky
Roubenka Vysočina (7686);777553503 | 608405876;;sruby_roubenky
Roubenky Annaberg (4680);777121043;;sruby_roubenky
Roubenka Janka a Natálka (3569);605785556;;sruby_roubenky
Wellness srub (922);732541705 | 608963678;;sruby_roubenky
Chata Karpatia 4 (10111);+421918325096;;sruby_roubenky
Roubenka (6931);724188688;;sruby_roubenky
Chaloupka Sedmička (2504);607535961;;sruby_roubenky
Chalupa U Kubrta (2936);777349789;;sruby_roubenky
Relax Slapy resort (17462);733556595;;sruby_roubenky
Roubenka u Macků (169);732180011;;sruby_roubenky
Roubenka na vršku (973);777838923 | 608321545;;sruby_roubenky
Zrub Liliana (15009);+421948940027;;sruby_roubenky
Roubenka (1089);608608677 | 491005805;;sruby_roubenky
Roubenka Kavánka (9179);+420725405323;;sruby_roubenky
Srub v zahradě (2853);776811212;;sruby_roubenky
Roubenka (3001);608878915;;sruby_roubenky
Roubenka (333);608027906;;sruby_roubenky
Roubenky Slunný vrch (4049);777332040;;sruby_roubenky
Roubenka a chata u potoka (12435);606462894;;sruby_roubenky
Roubenka Na Stopě (16348);41799689006;;sruby_roubenky
Roubenka Maruška a Růženka (1081);732711097 | 731165970;;sruby_roubenky
Roubenka (6203);608878915;;sruby_roubenky
Chalupa Jonáš (4146);604300031 | 777769494;;sruby_roubenky
Chalet TRIXY (21104);+421907769753;;sruby_roubenky
Kabikula - Ještěd (63);604214510;;sruby_roubenky
Roubenka Doubice (9645);732536112 | 603800677;;sruby_roubenky
Wellness roubenka u lesa (15427);+420606462894;;sruby_roubenky
Roubenka pod Klepáčem (477);607155248 | 602565042;;sruby_roubenky
Chalupa Majolenka (13766);602164607;;sruby_roubenky
Chalupa Dědina (8098);+420603893467;;sruby_roubenky
Chata Klárka (11500);725299742;;sruby_roubenky
Hájenka Ovesná (2311);608954051;;sruby_roubenky
Chalupa Lenička (7962);606620345;;sruby_roubenky
Chalupa 33 (1443);774555062 | 777003109;;sruby_roubenky
Svatá Panna (3549);607983983;;sruby_roubenky
Chalupa u Břízek (13951);603740878;;sruby_roubenky
Ajova chaloupka (17429);606384145;;sruby_roubenky
ROUBENKA U LESA u Máchova jezera (4566);776111177;;sruby_roubenky
Chalupa Pustá (170);605941293;;sruby_roubenky
Chalupa U Vincků (861);702063223;;sruby_roubenky
Pohádková chaloupka (6028);603483236;;sruby_roubenky
Roubenka Alžběta (3042);+420601592177;;sruby_roubenky
Chalupa k pronájmu (3746);604543002;;sruby_roubenky
Roubenka Rejmanka (8135);604618875 | 603501261;;sruby_roubenky
Roubenka na kopci (10368);+420770667398;;sruby_roubenky
SRUB Machov – samota, klid, bez lidí, v lese (2556);608821201 | 724452964;;sruby_roubenky
Pohádkový srub u ZEDA (4802);602774173 | 606715797;;sruby_roubenky
Malá Roubenka Doubice (13773);+420732536112 | +420603800677;;sruby_roubenky
Chalupa pod Radhoštěm (1074);777726326;;sruby_roubenky
Na Baštově (6361);602258453;;sruby_roubenky
Drevenice Pod Rozsutcom (16873);+421905585001;;sruby_roubenky
Wellness roubenka (6474);725851468;;sruby_roubenky
Roubenka nad řekou (9528);723671341;;sruby_roubenky
Roubenka Háj (6456);721046446 | 728979036;;sruby_roubenky
Roubenka na Rovince (1188);776898277 | 603425145;;sruby_roubenky
Pronájem chaty (7554);777733033;;sruby_roubenky
Velká roubenka (15501);731210568 | 733113229;;sruby_roubenky
Chata Orion (1565);773783770;;sruby_roubenky
Roubenka u sjezdovky (14325);608442552;;sruby_roubenky
Chalupa Sedmé nebe (10560);602640444 | 606733855;;sruby_roubenky
Wellness srub (18139);731571770;;sruby_roubenky
Pronájem chalupy (5089);;;sruby_roubenky
Chalupa u Studánky (1701);+420724853116;;sruby_roubenky
Roubenka Orlice (17467);739680525;;sruby_roubenky
Chalupa U Hřebíků (9634);603470254;;sruby_roubenky
Chaloupka na vršku (14650);777941887;;sruby_roubenky
Chalupa na konci světa (7838);777847089;;sruby_roubenky
Chalupa Čenkovka (8346);774458128 | 776038128;;sruby_roubenky
Chaloupka pod dubem (2828);775036065;;sruby_roubenky
Roubenka Pastvina - welness chalupa (17121);724511159 | 773598940;;sruby_roubenky
Roubenka 44 (6675);608880859;;sruby_roubenky
Wellness Roubenka Elenka (16414);724621154;;sruby_roubenky
Welness Roubenka Křižánky - All inclusive (13547);733499788;;sruby_roubenky
Roubenka u Jakuba (9620);724331290;;sruby_roubenky
Roubenka Přebuz (11074);724080861;;sruby_roubenky
Roubenka pod lesem (7192);604439370;;sruby_roubenky
Chata Lojzovy Paseky (3332);775108542;;sruby_roubenky
Srub k pronájmu (281);602564033;;sruby_roubenky
Chalupa na Kovárně (2169);+420739064672;;sruby_roubenky
Chalupa Doubice (4030);732536112 | 603800677;;sruby_roubenky
SRUB (9796);605002448 | 777689412;;sruby_roubenky
Srub Pod Lípou (15511);775722300 | 775722310;;sruby_roubenky
Srub PEDLA (5052);774232131 | 776723750;;sruby_roubenky
Roubenka (17661);724276817;;sruby_roubenky
Harrachovská chalupa Pelíšek (671);602220868 | 602315641;;sruby_roubenky
Luxusný zrub (4565);+421948414753;;sruby_roubenky
Roubenka Kamennka (14461);+420603275675;;sruby_roubenky
Chalupa k pronájmu (3671);775214919;;sruby_roubenky
Roubenka Pod Skalkami (13105);604233332;;sruby_roubenky
Roubenka (41);606716849 | 605259122;;sruby_roubenky
Roubenka Branná (11603);777313080;;sruby_roubenky
Pronájem Srubu (9747);602313581 | 777018810;;sruby_roubenky
Roubenka U hrochů (11331);775206897;;sruby_roubenky
Chalupa Na louce (1361);776578486;;sruby_roubenky
Chata k pronájmu (4691);777804801 | 777980746;;sruby_roubenky
Chalupa Jeseníky (4081);607750134 | 736481121;;sruby_roubenky
Drevenica Natálka (8370);+421903654166 | +421903868489;;sruby_roubenky
Roubenka Lucie (3073);777004684;;sruby_roubenky
Relaxclub Kersko (177);775034605;;sruby_roubenky
Kanadský srub v zahradě (4898);776811212;;sruby_roubenky
Roubenka (15503);602248348;;sruby_roubenky
Malá roubenka (15502);731210568 | 733113229;;sruby_roubenky
Chalupa k pronájmu (9315);731530043;;sruby_roubenky
Bungalovy Jasná (10305);+421903800124;;sruby_roubenky
Srub v Novohradskych horach-Hartunkov II (809);721805646;;sruby_roubenky
Roubenka na Jelení Hoře (16511);734222299;;sruby_roubenky
Chalupa u Kamnáře (11314);723078878;;sruby_roubenky
Chalupa Duše (15034);734500354;;sruby_roubenky
SAMSARA (5436);777309070;;sruby_roubenky
Drevenice TriMount (2603);+421919313799;;sruby_roubenky
Chalupa u Kopečků (9752);775162916;;sruby_roubenky
Ubytování Bohemia (2517);776062340 | 703659238;;sruby_roubenky
Chalupa Loveč (18098);+420725504123;;sruby_roubenky
Roubenka Anna (2190);+420602149513;;sruby_roubenky
Roubenka Na Hrádku (8046);721213230;;sruby_roubenky
Roubenka (9496);724585685;;sruby_roubenky
Pod Metodkou (14733);736240092;;sruby_roubenky
Roubenka u Lišky (1244);604674198;;sruby_roubenky
Roubenka u cyklistky (21781);732765016;;sruby_roubenky
Zrub nad Krpáčovom (21596);+421905245001 | +421908395807;;sruby_roubenky
Srub Slávek (10253);734542889 | 604368761;;sruby_roubenky
Roubenka pod hradem Kokořín (19310);602423011;;sruby_roubenky
Roubenka Bobešovka (13668);604263843;;sruby_roubenky
Roubenka Lužany (8628);605700819;;sruby_roubenky
Roubenka pod Kyčerou (7997);734418136 | 777888951;;sruby_roubenky
Roubenka pod Eliškou (11517);775305140;;sruby_roubenky
Chalupa na Vyhlídce (17342);605078369;;sruby_roubenky
Pronájem chalupy (494);736289387 | 732307005;;sruby_roubenky
Srub Nový Dvůr (5656);602710124 | 777135777;;sruby_roubenky
Chata na samotě u lesa (9403);607912935;;sruby_roubenky
Roubenka u Machu (9644);605286761 | 603885985;;sruby_roubenky
Roubenky U veverky (7067);777824274;;sruby_roubenky
Goralská drevenica pod Roháčmi (19491);+421910526370;;sruby_roubenky
Chalupa Dominika (6993);+420722699331;;sruby_roubenky
Roubenka U Oli (13775);737239524;;sruby_roubenky
Zrub TRIXY (21168);+421907769753;;sruby_roubenky
SRUB pod Tolštejnem (4751);604374741;;sruby_roubenky
Chalupa U Pejska (5988);777842459 | 603303251;;sruby_roubenky
Roubenka na zelené (15323);724080861;;sruby_roubenky
Vyhlídkový srub Na kraji Brd (16710);+420774250211 | +420737385733;;sruby_roubenky
Pohádka na venkově (2611);737288888 | 734131813;;sruby_roubenky
Chalupa k pronájmu (14755);602584530;;sruby_roubenky
Chalupa Kubínska (19198);+421905294587;;sruby_roubenky
Roubenka u Kmotry (3509);604618875 | 603501261;;sruby_roubenky
Roubenka Na Skalce (11141);605297870 | 725293165;;sruby_roubenky
Chalupa Rozhled (21923);773232323;;sruby_roubenky
Chalupa Karkulka (14411);777808060 | 603172146;;sruby_roubenky
Chalupa Peluška (8925);603969125;;sruby_roubenky
Roubenka (3101);603368225;;sruby_roubenky
Roubená chalupa - Máchovo Jezero (6681);;;sruby_roubenky
Horská chalupa KOČMÍD (1761);776698075;;sruby_roubenky
Roubenka Svitávka (8981);+420602852856;;sruby_roubenky
Roubenka Smržovka (657);603262808;;sruby_roubenky
Srub (2907);602603802;;sruby_roubenky
Chalupa U Bédi (4790);724056299;;sruby_roubenky
Chalupa pro děti (2205);777260302 | 776831009;;sruby_roubenky
Treehouse LEA (10981);739085949;;sruby_roubenky
Roubenka Melánka (9680);+420725405323;;sruby_roubenky
Roubenka Výletní (14623);737545658;;sruby_roubenky
Roubenka (8723);608033024;;sruby_roubenky
Chalupa Králíky (3961);724037971;;sruby_roubenky
Chalupa v Horním Rozpitém (2031);608919211;;sruby_roubenky
Dvě roubenky (3130);605185049;;sruby_roubenky
Roubenka u řeky Kouty nad Desnou (7287);775924141 | 774924131;;sruby_roubenky
Chata Marína a Matej (19567);+421905654390 | +421435831400;;sruby_roubenky
Chalupa pod Bradlem (6972);605803368;;sruby_roubenky
Chalupa Pomněnka (1312);737241193;;sruby_roubenky
Roubenka Lužany (3210);730778138 | 607515318;;sruby_roubenky
Chalupa nad Maršovem (16640);737225409 | 724560037;;sruby_roubenky
Srub v Novohradskych horach (3416);721805646;;sruby_roubenky
Wellness Roubenka (3031);737236808;;sruby_roubenky
Roubenka U smrku (6822);724278593;;sruby_roubenky
Roubenka Terezka (11989);+420603174439;;sruby_roubenky
Chata Alžběta (15954);603384269 | 603994605;;sruby_roubenky
Roubenka (6739);;;sruby_roubenky
Dřevěnica Javorník (2594);604804998 | 731377898;;sruby_roubenky
Roubenka Kraličak (8689);+420608720622;;sruby_roubenky
Chalupa Orlice (2319);775651798;;sruby_roubenky
NA SAMOTĚ U LESA (8232);602687139 | 728120589;;sruby_roubenky
Chalupa u Vrby (21658);602471197;;sruby_roubenky
Roubenka (1928);608561223;;sruby_roubenky
Chata U Vleku (5586);606217365;;sruby_roubenky
Wellness roubenka (5669);604439370;;sruby_roubenky
Poloroubenka Grimik (6359);607609030;;sruby_roubenky
Roubenka pod Troskami (16384);727894734;;sruby_roubenky
Chata na Dalešické přehradě (3498);608885793;;sruby_roubenky
Chalupa Naproti Sněžce (9357);604844054;;sruby_roubenky
Chaty Vysočina (1501);+420608201798 | +420777038927;;sruby_roubenky
Roubenka Václav (15625);702196262 | 725744954;;sruby_roubenky
Roubenka Růženka (18071);602708430 | 602190506;;sruby_roubenky
Chata Podlesí (1178);+420773074038;;sruby_roubenky
Roubenka Dřevíkov - Veselý Kopec (8931);777277848;;sruby_roubenky
Roubenka Kristýna (2272);724225852;;sruby_roubenky
Forest View Cottage (6574);+447973601379 | +420775291000;;sruby_roubenky
Srub U Kocoura (7702);723565137;;sruby_roubenky
Chalupa k pronájmu (6305);777077586;;sruby_roubenky
Roubenka Pod Čapím vrchem (10209);+420739631285;;sruby_roubenky
Chalupa Zlatka (21002);724230226 | 606788723;;sruby_roubenky
Roubenka U Sedláka (7090);777114976;;sruby_roubenky
Chalupa k pronájmu (8542);733396397;;sruby_roubenky
Chalupa Dřevěnka (16164);775119001 | 775915001;;sruby_roubenky
Roubenka Javorka (5554);731246518 | 602129382;;sruby_roubenky
Chalupa Aninka (17447);605411532;;sruby_roubenky
Chalupa Richterhof (8910);;;sruby_roubenky
Polubný 1278 (1347);608380090;;sruby_roubenky
Chata Betka (8035);603545253 | 728258475;;sruby_roubenky
Chalupa pod skálou (4592);774601242;;sruby_roubenky
Chalupa u Morise (16370);777560658;;sruby_roubenky
Šerava (396);+420723190087 | 606309027;;sruby_roubenky
Chalupa Nocuj.cz (10382);605575553;;sruby_roubenky
Chalupa k pronájmu (4646);775352007;;sruby_roubenky
Chalet MALA (14795);733501888;;sruby_roubenky
Chalupa Zadarov II (2203);606759270;;sruby_roubenky
Roubenka Kopretina (19713);608334224;;sruby_roubenky
Chalupa Miletín (8764);776355882;;sruby_roubenky
Chata Strmá (3815);605105337 | 733308310;;sruby_roubenky
Srub U Medvěda (19043);604191929;;sruby_roubenky
Hájenka Tikov (13800);604302893;;sruby_roubenky
Roubenka Vlčice (19808);728669299;;sruby_roubenky
Roubenka Wintrovka (13426);721213230;;sruby_roubenky
Srub u rybníka (10776);606520714;;sruby_roubenky
Chata Štípárna (12553);737560136;;sruby_roubenky
Chata Carmen (2832);420730640645 | +4915774136213;;sruby_roubenky
Chalupa Luisko (9872);602545755;;sruby_roubenky
Chalupa k pronájmu (11436);+420605493228;;sruby_roubenky
ROUBENKA (8703);724255298 | 702553611;;sruby_roubenky
Roubenka U Kavků (152);773685610 | 734817736;;sruby_roubenky
Chatky Šakvice (192);+420725183387;;sruby_roubenky
Chalupa k pronájmu (2510);723502415 | 603570948;;sruby_roubenky
Ranč v Buši (19149);;;sruby_roubenky
Albeřické chalupy - Horní chalupa (18571);733688988;;sruby_roubenky
Krásná Roubenka (21470);608236636;;sruby_roubenky
Chata Tobali (1291);774983020;;sruby_roubenky
Chata Roubenka (4904);604990676;;sruby_roubenky
Chalupa U Yettiho - Kunštát (2972);737671433;;sruby_roubenky
Srub Losiny (4733);604342067;;sruby_roubenky
Roubenka Na pasekách (6984);608919211;;sruby_roubenky
Chalupa U Slunce (14936);777561410;;sruby_roubenky
Roubenka Čarták (121);606053960;;sruby_roubenky
Chata u Robka (18255);724951025;;sruby_roubenky
Chata u rybníku Špinka (5634);777747257 | 777747731;;sruby_roubenky
Chalupa k pronájmu (13795);604180180 | 727893183;;sruby_roubenky
Chalupy Za Starů školů (3119);777014629;;sruby_roubenky
Roubenka U Kelišky (19215);777021373 | 777618631;;sruby_roubenky
Wellness roubenka INFFINITY (17068);+420737284444 | +420604671546;;sruby_roubenky
Tampl (3903);775291222 | 777631315;;sruby_roubenky
Roubenky Hřebečná 206 (4024);602191381;;sruby_roubenky
Hájenka pod Vyhlídkou (17960);604126848;;sruby_roubenky
Vilka pod Strážným Vrchem (14438);777658873 | 737001518;;sruby_roubenky
Chaloupka Na Gruňu (11788);607077739 | 724665290;;sruby_roubenky
Roubenka Mia (6134);777866620;;sruby_roubenky
Horská chata Praha (13856);608382993;;sruby_roubenky
Srub Krušné hory (305);777364702;;sruby_roubenky
Chalupa v Údolí (11625);+420705502728;;sruby_roubenky
Roubenky pod oborou (4674);775440768;;sruby_roubenky
Dřevěnice pod Humencem (4061);732638843;;sruby_roubenky
Srub (13731);+420736608677 | +420603546360;;sruby_roubenky
Roubenka Mezi stromy (18674);+420724901210 | +420773571877;;sruby_roubenky
Chalupa Chřiby (14087);704414605;;sruby_roubenky
Chalupa Jelení Kout (1933);603262808;;sruby_roubenky
Roubenka Pod Lesem (19700);608095159 | 603479475;;sruby_roubenky
Roubená chalupa (8991);774645087;;sruby_roubenky
Rodinná horská chalupa (11298);776259736;;sruby_roubenky
Horská Bouda Dimrovka (14590);776220924 | 776220920;;sruby_roubenky
Myslivecká chata Činov (19222);604708926;;sruby_roubenky
Stylová chalupa na Staropackých horách (10330);776355882;;sruby_roubenky
Srub pod lesíkem (9918);773900304;;sruby_roubenky
Chalupa Pod Lípou 53 (5753);776144891;;sruby_roubenky
Ubytování U Krále (16796);739058749;;sruby_roubenky
Srubová chata Tis (17455);603221599 | 739587697;;sruby_roubenky
Chalupa Sněženka (551);723119262;;sruby_roubenky
Chalupa Polom 9 (10216);777249757 | 777176721;;sruby_roubenky
Chalupa U Pastýře (21783);603100390;;sruby_roubenky
Srub KuŘíp (517);776205956;;sruby_roubenky
Pronájem chaty (11588);+420518307728;;sruby_roubenky
Chata Dřevěnka 70 (3870);739541451 | 739596803;;sruby_roubenky
Roubenka Jindřiška (14209);+420603164093 | +420776731371;;sruby_roubenky
Chalupa Pod Lesem (12829);+420770167521;;sruby_roubenky
Roubená chata na Valašsku v Zašové (2689);602844346;;sruby_roubenky
Chalupa Hubina (22018);607700239;;sruby_roubenky
Roubenka Na Vyhlídce (16812);602571257;;sruby_roubenky
Pronájem chalupy (12918);607992579;;sruby_roubenky
Roubenka Jestřebí hory (11878);608130774;;sruby_roubenky
Ubytování roubenka (12678);736674508 | 603802805;;sruby_roubenky
Chata Lea u Máchova jezera (15111);602168341 | 607649001;;sruby_roubenky
Chalupa Solunka (5278);+420733799872;;sruby_roubenky
Chalupa Pod Doubkem (3601);602608802 | 724018586;;sruby_roubenky
Roubenka Petra (5737);+420724176121 | +420602136942;;sruby_roubenky
Roubenka s výhledem (10867);604353707;;sruby_roubenky
Chalupa Fénix (21326);731056269;;sruby_roubenky
Chata JUHA Bechyňsko - Lužnice (3206);775983912;;sruby_roubenky
Chalupa Zdeňka (7529);606269496;;sruby_roubenky
Roubenka u potoka (3654);603356070 | 775291899;;sruby_roubenky
Roubenka Na Radosti (17001);702979663;;sruby_roubenky
Chata k pronájmu (7925);777169643;;sruby_roubenky
Roubenka Knoflík (14324);+420604337850 | +420605237490;;sruby_roubenky
Roubenka u svahu, Jeseníky (8715);739017649 | 739017166;;sruby_roubenky
Roubenka 50 (17997);+420723050005;;sruby_roubenky
Chata Hříbárna (6391);777931932;;sruby_roubenky
Ráj pod Ralskem (15224);608971601;;sruby_roubenky
Wellness - treehouse a srub na vodě (1326);724031939 | 608976555;;sruby_roubenky
Roubenka Rozkoš (7056);608000222;;sruby_roubenky
Apartmány Černý Důl (8091);773652340 | 721416426;;sruby_roubenky
Roubenka (8461);;;sruby_roubenky
Chalupa Na Vartě (3108);603422747 | 603417223;;sruby_roubenky
Na Vejměnku (381);603538136;;sruby_roubenky
Srub U Kácova (19304);777223875;;sruby_roubenky
Tam kde lišky dávají dobrou noc (18036);+420724975858;;sruby_roubenky
Roubená chalupa (14431);+420736621420 | +420736621426;;sruby_roubenky
Roubenka Bukovice (1698);777554529;;sruby_roubenky
Roubenka Merta (3627);739931164;;sruby_roubenky
Roubenka Oliver (3933);605231091 | 736610295;;sruby_roubenky
Roubenka pod Špičákem (11271);604782965 | 737983131;;sruby_roubenky
Horský chalet u sjezdovky (17327);603241384;;sruby_roubenky
Chalupa roubenka Ivanka (693);736611410 | 736611406;;sruby_roubenky
Chaloupka U lišáka (3081);732650976;;sruby_roubenky
Chalupa Vrchy (17264);603417708;;sruby_roubenky
Chatka Oleška (21496);732957272;;sruby_roubenky
Roubenka Rudolf (492);770646809 | 732640068;;sruby_roubenky
Roubenka Vyskeř (8517);605775053;;sruby_roubenky
Chata u Bezručova srubu (4541);602608790;;sruby_roubenky
Chalupa Sněženka (1777);739006662;;sruby_roubenky
Roubenka Nad náměstím (4004);606264380 | 734742998;;sruby_roubenky
Chata Kyjov 2 (8512);603146703;;sruby_roubenky
Chata Vernéřovka (15522);775292492;;sruby_roubenky
Roubenka Osík (16079);778090190;;sruby_roubenky
Roubenka Tkalcovna (17466);+420728613003;;sruby_roubenky
Roubenka Šumava (1108);725839569;;sruby_roubenky
Roubenka Kailas (11136);+420603503198 | +420777184852;;sruby_roubenky
Apartmán Roubenka (10438);777825025;;sruby_roubenky
Krásný srub na horách (14456);725779226 | 776799449;;sruby_roubenky
Kaménka8 (17515);720964798 | 775109772;;sruby_roubenky
Roubenka Jizerka (16055);777866620;;sruby_roubenky
Roubenka Honzik (1505);731672053;;sruby_roubenky
Roubenka v lese (22026);603429625;;sruby_roubenky
Chalupa u památné třešně pod Zvičinou (17289);605270470;;sruby_roubenky
Karosářská chalupa (8314);725703170 | 777812333;;sruby_roubenky
Roubenka na Ostrově (19734);+420732888987;;sruby_roubenky
Drevenica Borovianka (14400);+421903966169 | +421904142509;;sruby_roubenky
Chřibská 90 | Vesnické reggae (17512);608912196 | 774487072;;sruby_roubenky
Roubenka Hana (16149);+420732524550;;sruby_roubenky
Chalupa TESA (13096);777077527;;sruby_roubenky
Roubenka v Karpatech (19015);604522581;;sruby_roubenky
Drevenica Premenené vo Východnej (21811);+421948167968;;sruby_roubenky
Hájenka Harrachov (1900);777063121 | 725552930;;sruby_roubenky
Roubenka Aneta (2549);;;sruby_roubenky
Srub Čeladná (17244);728609057;;sruby_roubenky
Modrá roubenka (3211);604385930;;sruby_roubenky
Pronájem srubu (9144);739430427 | 739023503;;sruby_roubenky
Roubenka u Andělů - Bajerov (10706);777113670;;sruby_roubenky
Roubenky Hřebečná 212 (14763);602191381;;sruby_roubenky
Chalupa Končiny (1013);732368037;;sruby_roubenky
Srub U hrádečku (11072);+420775688553;;sruby_roubenky
Chalupa k pronájmu (4853);728956097;;sruby_roubenky
Chalupa Rejvíz (2875);+420724192661;;sruby_roubenky
Roubenka Strmá (12520);605105337 | 733308310;;sruby_roubenky
Srub El Paso (6585);777109099;;sruby_roubenky
Chalupa Anna (4386);775979156;;sruby_roubenky
Lesanka (18581);777226501;;sruby_roubenky
Roubenka (7460);604241891;;sruby_roubenky
Roubenka pod Zvonařkou (21603);733715808;;sruby_roubenky
Roubenka Helenka (15387);605217469 | 603865595;;sruby_roubenky
Roubenka Sladká Díra (11320);;;sruby_roubenky
Roubenka Amálka (3563);775246549;;sruby_roubenky
Chalupa Svatební Dar (7172);603145767;;sruby_roubenky
Srub Pohodář (17947);777948750 | 608130335;;sruby_roubenky
Chalupa Radovanka (733);608730337;;sruby_roubenky
Roubenka Rozárka (10606);739655744 | 739002538;;sruby_roubenky
Chata Beska (10747);+420608309602;;sruby_roubenky
Srub Rebel (18130);775346707;;sruby_roubenky
Traperský srub v lese (18150);730967438;;sruby_roubenky
Chata Ruměnka (3491);774432000;;sruby_roubenky
Roubenka pod Sedlem (15279);776855299;;sruby_roubenky
Roubenka s bazénem (5749);;;sruby_roubenky
Bouda 66 (15162);777628308 | 777628311;;sruby_roubenky
Roubenka pod skálou (10025);+420774363393;;sruby_roubenky
Orálkova chata (1341);724340125;;sruby_roubenky
Drevenica Poniklec (12906);+421903654155;;sruby_roubenky
Chalupa na Kovárně (4141);604482519;;sruby_roubenky
Chata Slunečná (14710);603446420;;sruby_roubenky
Horní chalupa (4353);+420702053256 | +420606743800;;sruby_roubenky
Roubenka Chocholka (15663);774800410 | 775267368;;sruby_roubenky
Roubenka Adlerka (17219);+420776188618;;sruby_roubenky
Roubenka Losiny (8454);774373557;;sruby_roubenky
Roubenka-Krkonoše-Čechovi (2146);588188851 | 721780725;;sruby_roubenky
Roubenka Ondřejovice (15888);773362016 | 778774866;;sruby_roubenky
Školní chata Velký Osek (7394);+420607959342;;sruby_roubenky
Chalupa U drzého srnce (10851);777734327;;sruby_roubenky
Apartmány SRUB Zátiší (11818);602249446;;sruby_roubenky
Chalupa Roubenka (8247);731504419;;sruby_roubenky
Thistle cottage (12960);736204339;;sruby_roubenky
Srub Sněženka (1520);723119262;;sruby_roubenky
Ubytování Na Lhotech (19918);604603476;;sruby_roubenky
Srub Daniel (12697);602710124 | 777135777;;sruby_roubenky
Roubenka V IHLIČÍ (9890);+421907456374 | +421524422129;;sruby_roubenky
Jizera Cottage (18570);603898090;;sruby_roubenky
Cedrová roubenka na Lipně s kurtem a wellness (12032);;;sruby_roubenky
Chalupa Studenec (5206);603996929;;sruby_roubenky
Chalupa pod Maliníkem (13796);603438430 | 604460227;;sruby_roubenky
Chata Limba pod Kriváňom (15727);+421918474400;;sruby_roubenky
Roubenka u Lip (14188);603459614;;sruby_roubenky
Dřevěnice v Brodské (12913);603164407;;sruby_roubenky
SPA SPA Roubenka Dušnice (15388);+420702045177 | +420607138095;;sruby_roubenky
Jesenická chalupa (2080);737324601;;sruby_roubenky
Bártů Dřevěnka (6023);605487715;;sruby_roubenky
Chata k pronájmu (9060);737685242 | 702193199;;sruby_roubenky
Chalupa 118 (13512);606938210 | 774585951;;sruby_roubenky
Chalupa Jizerka (2929);+420773534210;;sruby_roubenky
Roubenka v Losinách (848);725890645;;sruby_roubenky
Maringotka v Rychlebských horách (7725);774819503;;sruby_roubenky
Srub Kristiánov (21438);777261326 | 777151622;;sruby_roubenky
Drevenice Živčáková (19135);+421905212095;;sruby_roubenky
Roprachtická chalupa (12844);776521461 | 774621330;;sruby_roubenky
U Lakomé Barky (7083);739210055 | 605586190;;sruby_roubenky
Pronájem chalupy (13509);+421949113119 | +420604700865;;sruby_roubenky
Drevenica Verbena (10164);+421905331561 | +421907318214;;sruby_roubenky
Volarská roubenka (5668);721451452 | 776449225;;sruby_roubenky
Roubenka U Malírny (22061);602696244;;sruby_roubenky
Rekreační dům (18360);734851133;;sruby_roubenky
Roubenky Pod Strání (17389);608446923;;sruby_roubenky
Chalupa k pronájmu (10717);723513313;;sruby_roubenky
Jelenia chata (21251);+421911111222 | +421911742170;;sruby_roubenky
Vodní domky (14849);777600568 | 777600947;;sruby_roubenky
Roubenka Rozárka I (6155);608925250;;sruby_roubenky
Chata Pluskačka (17584);603737748 | 608974378;;sruby_roubenky
Na chaloupce (1439);724710077;;sruby_roubenky
Chalupy Pod šenkem (8523);777237503 | 604658218;;sruby_roubenky
Horská Chata Mamut (2184);+420734306280;;sruby_roubenky
Usedlost Hockehof (1518);777165124;;sruby_roubenky
Wellness roubenka JaRo (18923);776732487 | 724726083;;sruby_roubenky
Chalupa Nový Hrádek (9548);605181770;;sruby_roubenky
Roubenka U Smrku (17556);604896416;;sruby_roubenky
Chalupa k pronájmu (7505);736160497 | 608252875;;sruby_roubenky
Roubenky (12265);723433101 | 732306690;;sruby_roubenky
Sruby u Železné růže (7406);+420603803623 | +420604182204;;sruby_roubenky
Chalupa Zlaté Heřmánky (18520);+420730803006;;sruby_roubenky
Chalupa u Balatonu (7051);737319108;;sruby_roubenky
Chata Adéla (673);775585105;;sruby_roubenky
Horská chata Smrk (4430);737445879;;sruby_roubenky
Český ráj chalupa Alexandra (4205);602892594 | 607860117;;sruby_roubenky
Chalupa U zvonice (556);604749871 | 603937045;;sruby_roubenky
Chalupa Helenka (21242);603172084 | 606776734;;sruby_roubenky
Roubenky na Dupačce (13950);603704940 | 737713741;;sruby_roubenky
Chata Sára (219);777053756 | 604890821;;sruby_roubenky
Chalupa k pronájmu (7190);725593133;;sruby_roubenky
Wellness srub MELTONI (19766);733354831 | 737546083;;sruby_roubenky
Pohádková roubenka (6518);603504646 | 603575530;;sruby_roubenky
Na roubence (5728);739261086 | 605354235;;sruby_roubenky
Chalupa Pod kopcem (21121);608860155 | 608534620;;sruby_roubenky
Chaloupka (9625);777080540 | 723339768;;sruby_roubenky
Chalupa u Slavíků (5452);777317824 | 603261520;;sruby_roubenky
Srub Mendryka (16076);778090190;;sruby_roubenky
Ta Chata (19281);777143195;;sruby_roubenky
Roubenka U Babi (241);735170411;;sruby_roubenky
Chata Verda (1783);603341751;;sruby_roubenky
Roubenka (5193);773455444;;sruby_roubenky
Horská roubenka Kralický Sněžník (4158);608828900;;sruby_roubenky
Roubenice (15186);+420776770101;;sruby_roubenky
Srub Čelina (10373);739114500;;sruby_roubenky
Roubenka Ondřejník (17057);720964798 | 608616685;;sruby_roubenky
Chalupa u Rézy (10076);+420730597043;;sruby_roubenky
Roubenky Kraličák (8287);608883805 | 607106439;;sruby_roubenky
Roubenka Bartošovice (11286);722965608;;sruby_roubenky
Roubenka (7551);721464893;;sruby_roubenky
Zrub Poľana - Liptovská Mara (17793);+421949791277;;sruby_roubenky
Chalupa Krátká 17 (3745);737268008;;sruby_roubenky
Chalupa k pronájmu (12545);+420605493228;;sruby_roubenky
Chata Buřany (9329);736514936;;sruby_roubenky
Jedna Chalupa (12180);723453018 | 728863611;;sruby_roubenky
Chalupa u rybníčku (17410);605460199 | 605484101;;sruby_roubenky
FÁFOVA BOUDA (9691);728698647;;sruby_roubenky
Sruby Haida (21402);734862598 | 604888050;;sruby_roubenky
Srub Petrovičky (17377);774061131;;sruby_roubenky
Srub pod Lysou (21717);731656607 | 608400007;;sruby_roubenky
Apartmán v Chaloupce na Vršku (1377);776144893;;sruby_roubenky
Relax Srub Kunějov (18685);732579030;;sruby_roubenky
Roubenka Viktorie (8192);736772743 | 608963613;;sruby_roubenky
Domek Maxov (15862);775149149;;sruby_roubenky
Chalupa U Ceďora (8452);604692649;;sruby_roubenky
Chalupa k pronájmu (8151);777941887;;sruby_roubenky
"Roubenka pod kostelem" (17346);724381420 | 732334469;;sruby_roubenky
Chata Vranov (6639);603596179 | 774814411;;sruby_roubenky
Zrubová Rozprávka nad Rybníkom (16606);+421918997888;;sruby_roubenky
Chalupa u modrého kocoura (558);776266332;;sruby_roubenky
Rekreační ubytování Vital (3409);776767271;;sruby_roubenky
Roubenky Vojtíškov - Amálka (18274);731443751;;sruby_roubenky
Roubenka u potoka (11155);603784358;;sruby_roubenky
Roubenka v Sedmičkách (19077);+420733702219 | +420603532331;;sruby_roubenky
Chalupa Nikolka (6324);+420777629132;;sruby_roubenky
Chalupa Zátiší v srdci Polabí (19004);777794335;;sruby_roubenky
Apartmány na vršku (21414);775552980 | 774549377;;sruby_roubenky
Roubenka U Hafana (12974);+420774573073 | +420777595911;;sruby_roubenky
Chalupa k pronájmu (703);777350537;;sruby_roubenky
Roubenka na sjezdovce (19293);736488155 | 602758895;;sruby_roubenky
Chalupa Šemík (13778);705303961;;sruby_roubenky
Roubenka NA KANÍ (6775);602543535;;sruby_roubenky
Roubenka Království (18179);774706738;;sruby_roubenky
Roubenka pod Templákem (21093);774645353;;sruby_roubenky
Roubenka u Třeboně (9665);603893300;;sruby_roubenky
Chata 123 (1450);776155218 | 737794868;;sruby_roubenky
Chata Provence (19259);777309070;;sruby_roubenky
Krušnohorská roubenka (8071);+420724333582;;sruby_roubenky
Roubenky Kraličák (8294);608883805 | 607106439;;sruby_roubenky
Chalupa Zvědavka (5919);+420777245278;;sruby_roubenky
Chata u lesa (8591);728983009;;sruby_roubenky
Chaloupka Smilovice (13949);608707339;;sruby_roubenky
Pepinova chalupa (15560);608082677;;sruby_roubenky
Roubenka Filipovo údolí (2990);773784335;;sruby_roubenky
Chalupa k pronájmu (70);731612681;;sruby_roubenky
Vejminek (13214);+420723606623;;sruby_roubenky
Roubenka Vanedi (11105);777922780 | 777943351;;sruby_roubenky
Chalupa Tonička (14391);725702930;;sruby_roubenky
Pohádkový Srub Salaš (8906);+420602412050;;sruby_roubenky
Chalupa u Hrušky (9594);608600051 | 602323971;;sruby_roubenky
Chalupa pod smrky (16678);602411380 | 721578290;;sruby_roubenky
Roubenka Maruška (19224);608597418;;sruby_roubenky
Nord ranč (21704);777331616;;sruby_roubenky
Roubenka Panské Pole (13155);777220617;;sruby_roubenky
Chalupa u hájenky (9825);775056798;;sruby_roubenky
Pronájem chalupy (3718);608884671;;sruby_roubenky
Roubenka U Jakubců (8762);737203312;;sruby_roubenky
Chalupa Hájenka (7373);+420737177256;;sruby_roubenky
U Zdeňka (6467);606661992;;sruby_roubenky
Chalupa u lesa (6840);603296470;;sruby_roubenky
Chalupa Rychnovanka (6859);736654279 | 606515642;;sruby_roubenky
Chalupa u lesa (14989);736218760;;sruby_roubenky
Zemědělská usedlost U Krajáku (3890);;;sruby_roubenky
Roubenka U Skřítka (7272);604404841;;sruby_roubenky
Poloroubená chalupa u lesa (1119);737760025;;sruby_roubenky
Roubenka (11712);+420602489348;;sruby_roubenky
Chata Lidunka u řeky Lužnice (19396);+420776776077 | +420725513868;;sruby_roubenky
Chalupa U Tetřívka (2784);731555955;;sruby_roubenky
Chata 33 (2652);774544614;;sruby_roubenky
Chalupa Kajzrovka (134);606388106;;sruby_roubenky
Srub u Holubů (15318);+420604748181;;sruby_roubenky
Chaloupka u lesa (1566);774044008 | 604878001;;sruby_roubenky
Horská bouda Zvonařka (9612);733715808 | 602264317;;sruby_roubenky
Rybolov pro děti a dospělé (43);602226227;;sruby_roubenky
Treehouse Česká Kanada (116);731801440;;sruby_roubenky
Pod Šroubeným (17531);777256886;;sruby_roubenky
Roubenka (10103);+420604192896 | +420603338033;;sruby_roubenky
Roubenka Meandra (15642);732943381;;sruby_roubenky
Roubenka Markéta (6688);702196262;;sruby_roubenky
Roubená chalupa (3610);724847453;;sruby_roubenky
Wellness-fishing (5444);735125205;;sruby_roubenky
Wellness roubenka (3317);733499788;;sruby_roubenky
Roubenka Rejvíz (7782);773999692;;sruby_roubenky
Roubenky Vojtíškov - Pomněnka (19774);731443751;;sruby_roubenky
Ludvíkova Chalupa (16088);702000950;;sruby_roubenky
Roubenka Lysečinky A (4524);777192779;;sruby_roubenky
Roubenka u Malamuta (16838);721801077 | 739565867;;sruby_roubenky
Chalupy u dvou Koblih (13556);775052209;;sruby_roubenky
Relax na Hracholuskách (12369);774694353;;sruby_roubenky
Roubenka pod Radyní (18782);776569280 | 771193853;;sruby_roubenky
Chata Jelení kout (3941);724277842;;sruby_roubenky
Roubenka U Potoka (7453);725001880;;sruby_roubenky
Chachalupa (18962);602251783 | 724521552;;sruby_roubenky
Roubenka Habartice Pod Lípou (18020);730596616 | 703843401;;sruby_roubenky
Kroubenka DéeM (18444);723592492;;sruby_roubenky
Roubenka Anita (6283);732840576;;sruby_roubenky
Chalupa na Bečvách (4102);605839125;;sruby_roubenky
Jizerská roubenka (9127);777785401;;sruby_roubenky
Chalupa Kout na Šumavě (4301);776121992 | 776599010;;sruby_roubenky
Pronájem chalupy (11384);+420605493228;;sruby_roubenky
Roubenka Ondra (16369);;;sruby_roubenky
Chata k pronájmu (9836);777815953;;sruby_roubenky
Roubená chalupa v Lipce (2353);777269236;;sruby_roubenky
Na samotě u lesa (7659);724593538 | 604768538;;sruby_roubenky
Roubenka (15254);606709203 | 737417007;;sruby_roubenky
Mátěráda (17098);601691117;;sruby_roubenky
Roubenka Pod Oblohou (19923);606766170;;sruby_roubenky
Chaloupka Pomněnka (10940);607186083 | 724993009;;sruby_roubenky
Rekreační Dům NATTY 1 (11445);604799505;;sruby_roubenky
Roubenka Rozárka (12665);606547083 | 601330649;;sruby_roubenky
Srub Mladé Buky (4978);608359449;;sruby_roubenky
Chalupa U žabáka (13438);+420604401158 | +420736612351;;sruby_roubenky
Sruby u potoka (18027);723462152 | 606363781;;sruby_roubenky
Roubená Villa (4623);731841362;;sruby_roubenky
Roubenka U Milánka (8712);737244639;;sruby_roubenky
Chata Rolba (10532);608958945;;sruby_roubenky
Chalupa k pronájmu (15504);734368157 | 734368158;;sruby_roubenky
Roubenka Karlov (9623);777882843;;sruby_roubenky
Roubenka Ráj (21911);730861006;;sruby_roubenky
Roubenka Olešná (5247);724814640 | 602545022;;sruby_roubenky
Roubenka (1426);774997697;;sruby_roubenky
Zrub Sova (19688);+421918567154;;sruby_roubenky
Kůlna u Volfů (18324);606646459 | 725954721;;sruby_roubenky
Roubenka MALINÁ (1129);724255298;;sruby_roubenky
Kamenka U Babi (10306);735170411;;sruby_roubenky
Roubenka Ella (4496);777042430;;sruby_roubenky
Chalupa JANA (13712);725358835;;sruby_roubenky
Roubenka U Chřástala (14612);734360031 | 608520934;;sruby_roubenky
Chata k pronájmu (4717);603341751;;sruby_roubenky
Pronájem chalupy (5194);606465777;;sruby_roubenky
Roubenka U Lesní školky (17884);602683758 | 602626099;;sruby_roubenky
Ubytování Roubenka (6771);774365120 | 733674002;;sruby_roubenky
Roubenka Valachy (13546);+420721027816;;sruby_roubenky
Manta Log Cabin (13077);603707976;;sruby_roubenky
Chalupa k pronájmu (2331);+420733697105;;sruby_roubenky
Roubenka (4372);603156556;;sruby_roubenky
Chalupa Lenka (649);775770791;;sruby_roubenky
Chalupa pod Kyčerou (13788);775651765;;sruby_roubenky
Roubenka u Kazíků (16584);776088130 | 608560769;;sruby_roubenky
Pronájem chalupy (4629);603257044;;sruby_roubenky
Chata u Hrbáčků (4779);736677192;;sruby_roubenky
Chalupa Rozárka (8194);603861271;;sruby_roubenky
Rybářský srub - Šumavská Vlčice (3955);+420773820162 | +420773837400;;sruby_roubenky
Drevenička Vodníček (19097);+421911198691;;sruby_roubenky
Chaloupka na samotě u lesa (2240);776685796;;sruby_roubenky
Roubenka Slunečná (4178);723113214;;sruby_roubenky
Chata u Bičáků (5305);731456554;;sruby_roubenky
Chalupa U Lukyho (12126);731746415 | 605005401;;sruby_roubenky
Chalupa U Jaryna (13224);605324660;;sruby_roubenky
Ubytování ZADAROV - Beskydy (7089);606759270 | 605222407;;sruby_roubenky
Chalupa U Maxů (16490);+420775601910;;sruby_roubenky
Beskyduj (17275);603862888;;sruby_roubenky
Srub Metuje (5287);776763362 | 777944363;;sruby_roubenky
Chalupa Adrspach (3616);+4916099433445;;sruby_roubenky
Chata Vernička (8410);777697232 | 774161263;;sruby_roubenky
Roubenka Pod hvězdami (13336);722022025;;sruby_roubenky
Roubenka Vír (11722);603422359 | 603224949;;sruby_roubenky
Horská chalupa (6054);606601845;;sruby_roubenky
Chata Dolníky (17122);773212380 | 602383734;;sruby_roubenky
Chalupa u Lukášků (4895);605566856;;sruby_roubenky
Glamping Salaš (18846);775141078;;sruby_roubenky
Chaloupka k pronájmu (14882);608710545;;sruby_roubenky
Roubenka v Ráji (18924);721211428;;sruby_roubenky
Chalupa Ostravice (5403);+420725500769;;sruby_roubenky
Roubenka Evelínka (10683);724329908 | 604279727;;sruby_roubenky
Srub Podluží (167);604219421;;sruby_roubenky
Chata k pronájmu (6100);+421903628904;;sruby_roubenky
Srub Mezi duby (14037);602870029;;sruby_roubenky
Roubenka na Číně (5504);776165132;;sruby_roubenky
Chalupa Kůlna (4060);602433269 | 737838873;;sruby_roubenky
Roubenka Lysečinky B (6388);777192779 | 608277499;;sruby_roubenky
Roubenka u Tří Skřítků (6069);608830920 | 777243902;;sruby_roubenky
Wellness Chalet Kohútka (15529);775077333;;sruby_roubenky
Chalupa Přeslička (8036);724853116;;sruby_roubenky
Chalupa U první skály (3308);603404347;;sruby_roubenky
Roubený Dvůr (10609);+420602716484 | +420720424609;;sruby_roubenky
Chalupa Pastviny (9071);728447941;;sruby_roubenky
Chalupa Olivka (18316);737662764 | 606603676;;sruby_roubenky
Ubytování u Šrámečků (16577);+420777212742 | +420608104100;;sruby_roubenky
Roubenka na Chobotě (5966);735258170;;sruby_roubenky
Chata Hrozenka WELLNESS (3692);605568668 | 603467081;;sruby_roubenky
Roubenka Modletín (7463);731402231;;sruby_roubenky
Roubenka Liduška (13943);722933590;;sruby_roubenky
Roubenka s bazénem (4096);723479685;;sruby_roubenky
Srub ve Valašské Bystřici (9886);605341709 | 777787751;;sruby_roubenky
Chata u přehrady (6647);603229751;;sruby_roubenky
Roubenka a Teepee (6228);777903683;;sruby_roubenky
Domeček (2793);777303204;;sruby_roubenky
Srub Zelenka (19432);776713015;;sruby_roubenky
Srub (16942);+420737986445;;sruby_roubenky
Roubenka v kopci (18978);+420608028500 | +420777868410;;sruby_roubenky
Emilie (1232);728836114 | 723903543;;sruby_roubenky
Roubenka V pohádce (17059);736464149 | 732501139;;sruby_roubenky
Chaloupka U tří meluzín (10783);604611463 | 606630114;;sruby_roubenky
Roubená chaloupka (17399);773523522;;sruby_roubenky
Zlatá chalupa (16629);732826687;;sruby_roubenky
Chata Katmarka (5076);603306034 | 732882243;;sruby_roubenky
Roubenka u Novotných (2478);737789665;;sruby_roubenky
Kolbenka (7284);+420499111024 | +420734233166;;sruby_roubenky
Srub u Rézinky (12729);602683380;;sruby_roubenky
Roubenka Kokořínsko (14127);+420608818096;;sruby_roubenky
Chalupa u Trojanů (16059);+420776532011 | +420777409797;;sruby_roubenky
Járova roubenka (15271);;;sruby_roubenky
Poloroubenka Podkrkonoší (5286);736757987;;sruby_roubenky
Srub Květoňov (17214);607855487;;sruby_roubenky
HobitInn - Podspálov (10341);606688038;;sruby_roubenky
Bratrouchovský trpaslík (11898);+420732148902 | +420602658866;;sruby_roubenky
Chata Roubenka (21622);733774788;;sruby_roubenky
Chata Lucie (14464);602702502;;sruby_roubenky
Stylová roubená chalupa (7028);605858304;;sruby_roubenky
Široký Důl 12 (21271);724325195;;sruby_roubenky
Chalupa Viktorie (16525);603141612 | 732255878;;sruby_roubenky
Roubenka Vyhlídka (16652);777871280 | 603871280;;sruby_roubenky
Chata Josef (13805);605288032 | 603155874;;sruby_roubenky
Chalupa Jestřebice (1079);604804917;;sruby_roubenky
Srubová chata u Ohře - Karlovarsko (17542);725779226 | 776799449;;sruby_roubenky
Chata Roubenka - pod sjezdovkou (2887);733444209 | 605750652;;sruby_roubenky
Wellness-vagon (1118);735125205;;sruby_roubenky
Chalupy Betlém (11249);739218303 | 608303086;;sruby_roubenky
Chata na Špince (18586);+420775059258;;sruby_roubenky
Roubenka U Myšáka (8290);777866620;;sruby_roubenky
Chalupa s výhledem na Humprecht (280);604300899;;sruby_roubenky
Roubenka Hanička (12093);776264101 | 608034850;;sruby_roubenky
Chalupa k pronájmu (2030);73905416815;;sruby_roubenky
Sruby Podspálov (12550);606688038 | 777752533;;sruby_roubenky
Chalupa U Fingerů (4759);602591429;;sruby_roubenky
Ubytování u Lužnice (1019);721121465;;sruby_roubenky
Apartmány Lesní zátiší Marlenka (18865);+420603560741 | +420736778364;;sruby_roubenky
Capartice 20 (18957);606445770 | 721610554;;sruby_roubenky
Drevenica Deni (19540);+421903480234;;sruby_roubenky
Srub u lomu (8157);777692402;;sruby_roubenky
Chalupa Mostek-Souvrať (13817);606174828;;sruby_roubenky
Chalupa na břidlicovém vrchu (285);602356938 | 731888986;;sruby_roubenky
Roubenka u rozlitýho mlíka (4905);605880688;;sruby_roubenky
Roubenka Zámyšl (5442);775178997;;sruby_roubenky
Roubenka U Veselého Kopce (16514);777223875;;sruby_roubenky
Roubenka u točny (17418);604192688 | 605202791;;sruby_roubenky
Chata Čakovka (17691);778033070 | 736251860;;sruby_roubenky
Chata U Tomáše (1139);+420773621312;;sruby_roubenky
Chalupa u Procházků (506);605540570;;sruby_roubenky
Chalupy pod Smědavou (17433);+420774434275;;sruby_roubenky
Chalupa Králíky (4067);724037971;;sruby_roubenky
Kanadský srub, Komora (5097);608708905;;sruby_roubenky
Chalupa Martinka (5977);775333814;;sruby_roubenky
Kralická roubenka (726);+420608975466;;sruby_roubenky
Roubenka Lomná (16644);+420605486248 | +420608958182;;sruby_roubenky
Chalupa U Prokopa (6248);776582062 | 605318384;;sruby_roubenky
Chaloupka u Bolfů v Beskydech (9627);+420731583948;;sruby_roubenky
Roubenka u lesa (2768);776283686;;sruby_roubenky
Roubená chalupa Zlatník (53);731612681;;sruby_roubenky
Wellness srub Těšíkov (1116);725745348;;sruby_roubenky
Roubenka Jelen.ka (3281);725567053 | 724901210;;sruby_roubenky
Jafura-dovolenkový zrubový dom (21700);+420739525588 | +421905360469;;sruby_roubenky
Chata u Lužnice (3413);774030782;;sruby_roubenky
Poloroubená chalupa (7682);607524657;;sruby_roubenky
Roubenka na Popluží (18834);775197728 | 607680573;;sruby_roubenky
Roubenka za Horou (21718);605575546;;sruby_roubenky
Chaloupka Kouty (11496);720296294 | 775110444;;sruby_roubenky
Roubenka U Komína (13674);604904911;;sruby_roubenky
Roubenka Na Skále (6186);739037912;;sruby_roubenky
Roubenka pod Štěpánkou (11510);603454242 | 604868719;;sruby_roubenky
Roubenka Simona (11368);603836779 | 603411060;;sruby_roubenky
Roubenka u studánky (1604);777190622;;sruby_roubenky
Srub k pronájmu (6223);603178648;;sruby_roubenky
Roubenka Pampeliška (8804);777575860;;sruby_roubenky
Pohádková roubenka (14284);776355882;;sruby_roubenky
Roubenka Krčkovi (8599);605267233;;sruby_roubenky
Roubenka Smetanka (10622);;;sruby_roubenky
Chalupa Burdovka (11239);605822490 | 606658127;;sruby_roubenky
Chalupa Květinka (4934);604238002 | 603101320;;sruby_roubenky
Roubenka Archa (16498);724072242;;sruby_roubenky
Roubenka u medvěda (5957);+447810210369;;sruby_roubenky
Roubenka Poldovka (1826);+420608243063;;sruby_roubenky
Roubenka Holčí (17253);724540536;;sruby_roubenky
Zrub U Bradáča (10568);+421907552536;;sruby_roubenky
Yary Yurt (16667);+420777880539;;sruby_roubenky
Ubytování na Vysočinĕ (22023);732544316;;sruby_roubenky
Chalupa pod Gírovou (10569);739453900;;sruby_roubenky
Hansiho roubenka (14033);778005705;;sruby_roubenky
Wellness chata - roubenka (4257);+420736506610;;sruby_roubenky
Roubenky pod Melechovem (14251);737261709;;sruby_roubenky
Medová chalupa (11059);728247490;;sruby_roubenky
Chalupa U básníka (17610);732680226;;sruby_roubenky
Apalucha (4865);731135294;;sruby_roubenky
Srub u dančí obory (21279);728365500 | 734106001;;sruby_roubenky
Roubenka u kostela (19631);731421340;;sruby_roubenky
Chalupa Kryštof (14445);+420605212591;;sruby_roubenky
Kořenov 10 - chalupa na horách (15621);+420732621587 | +420604971656;;sruby_roubenky
Roubenka z kanadského cedru (9647);777834814;;sruby_roubenky
Wellness Roubenka Goldenstein (18535);771180140 | 731577300;;sruby_roubenky
Chatička u řeky (7516);774924131 | 775924141;;sruby_roubenky
Srub u železničního mostu (8154);603218951;;sruby_roubenky
Roubenka Flora (6767);602726475 | 724009831;;sruby_roubenky
Sněžné - chalupa Na Krahulci (1382);604238002 | 603101320;;sruby_roubenky
Roubenka Na Vyhlídce (2262);777588663 | 724972272;;sruby_roubenky
Bezva relax Bezděz (988);773307096;;sruby_roubenky
Chalupa Sluníčko (3787);604238002;;sruby_roubenky
Roubenka Muštelka (17393);736428884 | 604255150;;sruby_roubenky
Chalupa k pronájmu (2172);737943550 | 723689596;;sruby_roubenky
Chalupa k pronájmu (8166);735857088;;sruby_roubenky
Ubytování u Dodáčků (11717);777706682 | 603111444;;sruby_roubenky
Roubenka na Mariánské Hoře (9083);602508569;;sruby_roubenky
Apartmány Plešivec (13762);734337887;;sruby_roubenky
Apartmány Imladris roubenka (14994);+420603501189 | +420602456173;;sruby_roubenky
Roubenka Maštale (13162);777340620 | 777315335;;sruby_roubenky
Srub k pronájmu (4110);737291736;;sruby_roubenky
Roubenka Kopřivná (2226);604356147;;sruby_roubenky
Chalupa Vlčí hora (7572);+420731345978;;sruby_roubenky
Roubenka (11906);+420774434275;;sruby_roubenky
Srub s bazénem (5934);775196330;;sruby_roubenky
Chalupa U Kraslice (19229);777872190;;sruby_roubenky
Roubenka Beneška (19579);724881156 | 603169935;;sruby_roubenky
Roubenka Lučany (19748);606835253;;sruby_roubenky
Příchovická Roubenka (7121);607977582;;sruby_roubenky
Chata Harculka (14571);732351950 | 724248122;;sruby_roubenky
Krakonošova chaloupka s wellness (3830);+420724891582;;sruby_roubenky
Roubenka Vyšehorky (21751);731072248;;sruby_roubenky
Chalupa k pronájmu (7645);+420723074393 | +420605984284;;sruby_roubenky
Roubenka na Kraji (16898);608413554 | 724163369;;sruby_roubenky
Chalupa k pronájmu (4922);777196987;;sruby_roubenky
Roubenka Liška (12817);775264200;;sruby_roubenky
Roubenka (4924);730145058;;sruby_roubenky
Chata Pod vlekem (7208);602629149;;sruby_roubenky
Roubenky Hřebečná 211 (16038);602191381;;sruby_roubenky
Chata Gazdovský dvor (10744);+421948110323;;sruby_roubenky
Roubenka U Zvoničky (4575);775648037;;sruby_roubenky
Roubenka v údolí (12691);724219541;;sruby_roubenky
Roubenka Šumava (9340);777192541 | 777192540;;sruby_roubenky
Roubenka Záhoří (8668);606729365;;sruby_roubenky
Srub Eliška (2671);602710124 | 777135777;;sruby_roubenky
Roubenka u Brožů (8856);733161845 | 606755347;;sruby_roubenky
Chalupa Liblín Berounka (18091);604672073 | 604360588;;sruby_roubenky
Roubenka U studánky (3729);603490275;;sruby_roubenky
Chata Jasná (1874);775667820;;sruby_roubenky
Chata k pronájmu (10554);702905431;;sruby_roubenky
Roubenka Ždírec (14811);606043113;;sruby_roubenky
Chalupa U Roubíčků (7288);+420602454040;;sruby_roubenky
Chalupa k pronájmu (14418);723011414;;sruby_roubenky
Kouzelná chaloupka (5245);602607697;;sruby_roubenky
Památkový dvůr (10221);775315512;;sruby_roubenky
Chaloupka Bystré (19106);775123615 | 602510813;;sruby_roubenky
Ubytování srub (9461);603218779;;sruby_roubenky
Roubenka Helenka (21468);777038927 | 775956463;;sruby_roubenky
Chata Sofie (17161);++420733347656;;sruby_roubenky
Chalupa k pronájmu (17860);733295585 | 737412962;;sruby_roubenky
Sruby U Čertovy stěny (4806);605162823 | 777230120;;sruby_roubenky
Roubenka (5182);603195476 | 774297970;;sruby_roubenky
Komora Lužná (12831);733553469;;sruby_roubenky
Chalupa Pod Skalami (4456);+420733616297;;sruby_roubenky
Forest roubenka (17313);773575252;;sruby_roubenky
Chalupa u Beránků (17258);777116269 | 605734731;;sruby_roubenky
Roubenka u Monínce (17137);+420774934450;;sruby_roubenky
Chata U tří medvědů (2879);736104437;;sruby_roubenky
Roubenka Stella (6282);777674633;;sruby_roubenky
Chalupa Záskalí (13315);776256557;;sruby_roubenky
Slunečná roubenka u splavu (21575);+420608877661;;sruby_roubenky
Roubenka pod Hraběcí stezkou (16794);602400900 | 602101555;;sruby_roubenky
Albeřické chalupy - Dolní chalupa (18573);733688988;;sruby_roubenky
Pronájem srubu (12919);606688038 | 777752533;;sruby_roubenky
Chata Špinka (17836);+420727812566;;sruby_roubenky
Chata Valaška (15732);775054324;;sruby_roubenky
Chalupa u kempu (12698);724274976;;sruby_roubenky
2 Roubenky na Stráni Bílá (8769);724310035 | 604377092;;sruby_roubenky
Chata u Máchova jezera (4194);608431962;;sruby_roubenky
Srub u jezera (5608);777202083 | 777202064;;sruby_roubenky
Rekreační sruby Kotouč (7202);731315380;;sruby_roubenky
Srub Strážka (8378);776264101 | 608034850;;sruby_roubenky
Chalupa Fejfar (6094);733508225;;sruby_roubenky
Chalupa Pod šenkem (1084);777237503;;sruby_roubenky
Srub karpatský u lesa (1767);728281236;;sruby_roubenky
Chalupa roubenka (6338);724183025;;sruby_roubenky
Zátiší na pomezí (1048);607043288;;sruby_roubenky
Roubená chalupa (6602);777483242;;sruby_roubenky
Chalet na Fialce (18808);732273402;;sruby_roubenky
Srub Midla (3104);774220031;;sruby_roubenky
Chalupa u Crháků (2744);723254967;;sruby_roubenky
Chata u Vlastíka (376);605874191;;sruby_roubenky
Roubenka Stodola (16390);792333553;;sruby_roubenky
Penzion a hospoda U Němečků (5946);739035919;;sruby_roubenky
Kanadský srub (6379);608828900;;sruby_roubenky
Chalupa u Yettiho (864);737671433;;sruby_roubenky
Malý KuŘíp (15558);776205956;;sruby_roubenky
Kalírna (14822);775168396;;sruby_roubenky
Roubenka Kutlov (10167);602968726;;sruby_roubenky
Roubenka (9848);604505140 | 734385073;;sruby_roubenky
Roubenka Skalka (676);;;sruby_roubenky
Lesní srub (5123);+420606222625;;sruby_roubenky
Roubenka Bohéma (3980);+420608298969;;sruby_roubenky
Chalupa s Roubenkou (14953);725497217;;sruby_roubenky
Hrázděnka (3560);732204748;;sruby_roubenky
Roubenky za Hurtovnou (11340);+420739630582;;sruby_roubenky
Chata Kvítek (16804);602242601;;sruby_roubenky
Roubenka na Klokočově (6963);774081859 | 778528969;;sruby_roubenky
Srub Deštné (13610);777072114 | 777183043;;sruby_roubenky
Roubená chalupa (6723);723857649;;sruby_roubenky
Roubenka pod Kozákovem (6003);603582594;;sruby_roubenky
Roubenka u lesa (1789);602811070;;sruby_roubenky
Chata Morava (13464);+420732400784;;sruby_roubenky
Království u Petra (7502);606289002;;sruby_roubenky
Rekreační chalupa (8763);775105165 | 775907963;;sruby_roubenky
Chaloupka (13727);731313241 | 736240060;;sruby_roubenky
Srub v podhůří Orlických hor (1239);777757007 | 773657235;;sruby_roubenky
Roubenka (7600);777666127 | 777091447;;sruby_roubenky
Útulná roubenka u Krkonoš (5534);+420776355882;;sruby_roubenky
Chalupa v Postřelné (8738);721476426;;sruby_roubenky
Chalupa k pronájmu (8460);602342892;;sruby_roubenky
Na samotě u lesa (12524);724874333;;sruby_roubenky
Roubenka u Žofky (19698);777190212 | 739650374;;sruby_roubenky
Toušeňská chata (12419);+420725149980;;sruby_roubenky
Chalupa na samotě (5205);602684058;;sruby_roubenky
Rekreační dům (3299);774638190 | 734112624;;sruby_roubenky
Chalupa Na pilách (2316);;;sruby_roubenky
Luční domek (13595);603523052 | 775300277;;sruby_roubenky
Chalupa U Klokana (7604);737377117 | 604808316;;sruby_roubenky
Roubenka Tom (6778);776777393 | 725450756;;sruby_roubenky
Lovecká chata Na Ovčíně (9968);+420778859504;;sruby_roubenky
Chalupa Roubenka (6971);518307728;;sruby_roubenky
Drážní mlýn (3985);774131474 | 774170776;;sruby_roubenky
Chalupa u kapličky (15083);725870024;;sruby_roubenky
Relax roubenka (2200);739280363 | 777790201;;sruby_roubenky
Chalet Piros Tale s wellness (16000);+421902404010;;sruby_roubenky
Chata v borovém lese (21210);602240841;;sruby_roubenky
Chalupa CHALUPA (4088);+420603947212;;sruby_roubenky
Roubenka se saunou (19037);724028679;;sruby_roubenky
Srub pod Tetřevím vrchem (10052);;;sruby_roubenky
Stodola Jana (9595);607803855;;sruby_roubenky
Karavanové stání Prachovské skály (21036);602312524;;sruby_roubenky
Roubenka Anenské údolí (4673);721446725 | 723190032;;sruby_roubenky
Chalupa Lubenka (17824);777631545;;sruby_roubenky
Chata ve stráni (19381);724209699;;sruby_roubenky
Pronájem chalupy (1149);602490018;;sruby_roubenky
Srub Pleče (7227);737034805;;sruby_roubenky
Chalupa k pronájmu (1201);608608262;;sruby_roubenky
Chalet Kočí (17592);603573970;;sruby_roubenky
Srub na Papoušku (19807);607775097;;sruby_roubenky
Modrá roubenka (15687);603113311;;sruby_roubenky
Chalupa (1936);777854124;;sruby_roubenky
Usedlost Kindlovna (6311);728655381;;sruby_roubenky
Roubenka na sjezdovce (7292);606789885;;sruby_roubenky
Malovaná roubenka (10835);+420737559090;;sruby_roubenky
Ubytovaní U Bezednice (12542);733657983 | 732639420;;sruby_roubenky
Krásná roubená chaloupka (10640);732165286;;sruby_roubenky
Chata Lužanka (3400);777964764;;sruby_roubenky
Roubenka Pod Hvězdami (18214);777569435;;sruby_roubenky
U Štěpánů (13194);518307728;;sruby_roubenky
Pronájem chalupy (2159);608268404;;sruby_roubenky
Roubenka Svatý Mikuláš (21595);605188153;;sruby_roubenky
Chalupy Vranča - Ludmila (4636);731173437 | 604652041;;sruby_roubenky
Drevenica (9017);+421902404010;;sruby_roubenky
Chalupa Na Řendinách (6476);+420725876785;;sruby_roubenky
Chalupa Blije (4196);602361350;;sruby_roubenky
Roubenka Jedovnice (14316);728133144;;sruby_roubenky
Roubenka Tále s wellness a kulečníkem (16493);+421902404010;;sruby_roubenky
Chata Na pilách (2745);;;sruby_roubenky
Roubenka u Dvora Králové (12660);603331429 | 603422435;;sruby_roubenky
Roubená chalupa (8399);608330589 | 606668888;;sruby_roubenky
Chaloupka pod strání (7000);732665999;;sruby_roubenky
Chalupa Pod Konzumem (14536);603195832;;sruby_roubenky
Srub (11318);+420725054539;;sruby_roubenky
Chaloupka Jizerské hory (16904);725114378;;sruby_roubenky
Chalupa Mříčná (650);777887722;;sruby_roubenky
Roubenka Vendryně (21805);608400603;;sruby_roubenky
Hájenka na samotě u lesa (8481);736634287;;sruby_roubenky
Roubenka Bohdašín 17 (18916);774431292;;sruby_roubenky
Chalupa Granát (8271);+420603573970;;sruby_roubenky
Chata Masařka (21275);774866593 | 774603241;;sruby_roubenky
Letenská bouda (3872);736769057;;sruby_roubenky
Chata k pronájmu (925);723362412 | 721615168;;sruby_roubenky
Srub k pronájmu (3521);602174187;;sruby_roubenky
Chata k pronájmu (14323);608627991 | 724824688;;sruby_roubenky
Roubenka (1964);737181187;;sruby_roubenky
Bílá chalupa (716);604648145;;sruby_roubenky
Srub Nemo2 (8331);739430427 | 739023503;;sruby_roubenky
Roubenka u rybníka s rybolovem (4359);773477765 | 605760752;;sruby_roubenky
Chalupa VIKI (1879);+420728432133 | +420725294489;;sruby_roubenky
Srub v Odeři (17889);777364702;;sruby_roubenky
Chalupa pod lípou Kocbeře (651);777735678;;sruby_roubenky
Srub na Orlici (8569);603866114;;sruby_roubenky
Chalupa jen pro Vás (1303);777616603;;sruby_roubenky
Chata Kanadsky zrub (19186);+421908131199;;sruby_roubenky
Chalupa pod Lípou (15704);736775456 | 732311627;;sruby_roubenky
Ranč pod sninským kameňom (19026);+421907771524;;sruby_roubenky
Chata pod hradem (4192);776599515;;sruby_roubenky
Srub Ježkovec (19084);602491230 | 739420814;;sruby_roubenky
Beskydský srub (14824);+420732327562;;sruby_roubenky
Luxusná Drevenica Zuberec (14998);+421902404010;;sruby_roubenky
Chata s bazénem (1355);605545076;;sruby_roubenky
Chalupa U Potoka (18773);731548267 | 723889370;;sruby_roubenky
Poloroubená chalupa (4574);777808636;;sruby_roubenky
Chalupa k pronájmu (11555);774146090 | 604213511;;sruby_roubenky
Bakukova Chalupa (5332);283883045 | 777328051;;sruby_roubenky
Chalupa u Čížků (13672);603216706 | 731539200;;sruby_roubenky
Canadian Cabin & Spa (5636);725745348;;sruby_roubenky
Chalupa Lojzka (4640);731173437 | 604652041;;sruby_roubenky
Chalupa Walburga (3415);604611357;;sruby_roubenky
Chata Jana (7224);607803855;;sruby_roubenky
Horská Chalupa Cipís (8339);608027306;;sruby_roubenky
Usedlost Gerstein (10131);732261296;;sruby_roubenky
Roubenka pod Jakubem (680);728887477;;sruby_roubenky
Chalupa k pronájmu (1067);776355882;;sruby_roubenky
Chaloupka Bartošovice (14318);739475697;;sruby_roubenky
Chalupa Syřenov 33 (12785);739406888;;sruby_roubenky
Chalupa Betlém (966);724701000;;sruby_roubenky
Tři historické roubenky - Chalupa Alena (17191);777633075 | 606953147;;sruby_roubenky
Roubenka U Rottků (514);775220117 | 602140170;;sruby_roubenky
Srub Ďurík (16759);+421902404010;;sruby_roubenky
Chaloupka U Lesa (17572);+420733713336;;sruby_roubenky
Chalupa Pod Kalvárií (19709);774248804;;sruby_roubenky
Dům zaniklých řemesel (6405);;;sruby_roubenky
Srub Losinka (21230);739914793;;sruby_roubenky
Miniresort AMULET (9456);777147171;;sruby_roubenky
Bobrštajn (14019);733588848 | 776592623;;sruby_roubenky
Roubenka Petra (6996);776342577;;sruby_roubenky
Srub W (12750);774139513;;sruby_roubenky
Chata Prachovské skály (6650);777062582;;sruby_roubenky
Relax chaloupka Fořt (12055);606689258 | 606767215;;sruby_roubenky
Roubenka (2524);;;sruby_roubenky
Pronájem chalupy (7094);733258152;;sruby_roubenky
HOLIDAY HOME MB RANCH (9744);603492492 | 603418115;;sruby_roubenky
Chata u Lesa (18062);736423883;;sruby_roubenky
Chaloupka u lesa (6343);;;sruby_roubenky
Poloroubenka Františka (18175);777608274;;sruby_roubenky
Chalupa na výsluní (3908);;;sruby_roubenky
Chalupa Koruna (2273);602361350;;sruby_roubenky
Rezidence Cedrinum (19122);606582439 | 731126177;;sruby_roubenky
Jezevčí Brloh (15052);777247574;;sruby_roubenky
Roubenka Pod skálou (315);602811070;;sruby_roubenky
Panská myslivna (18813);602252625;;sruby_roubenky
Roubenka Rozárka II (17115);608925250;;sruby_roubenky
Chalupa Merboltice (19529);702150126;;sruby_roubenky
Chata Křečanka (4955);607115104;;sruby_roubenky
Jizerská vyhlídka (9710);603360880;;sruby_roubenky
Chalupa k pronájmu (5323);607866841;;sruby_roubenky
Srub (1965);604813558 | 604462135;;sruby_roubenky
Roubenka (13075);734534655;;sruby_roubenky
Stodola Komárov (17758);724144450;;sruby_roubenky
Tři historické roubenky - Chalupa Tereza (17190);777633075 | 606953147;;sruby_roubenky
Kindlovna I. (6365);728655381;;sruby_roubenky
Roubenka Ztracená v Čase (6797);776541545 | 775623214;;sruby_roubenky
Chalupa na Leštině (1292);775230663;;sruby_roubenky
Chaloupka u mě (21856);774338866;;sruby_roubenky
Penzion u Kozy (9386);608662974 | 606945877;;sruby_roubenky
Chalupa Na Brodské (14091);608731900 | 608359226;;sruby_roubenky
Roubenka Králíky (2448);+420603297883 | +420739028410;;sruby_roubenky
Chalupa Baletka (7964);776569410;;sruby_roubenky
Chalupa U Tichých (5644);731824482;;sruby_roubenky
Chalupa na samotě u lesa (18454);605962496;;sruby_roubenky
Jette roubenka (9799);606655563;;sruby_roubenky
Dům Borové noci (18446);+420604695693;;sruby_roubenky
Roubenka s wellness (19510);733739859;;sruby_roubenky
Roubenka (16900);518307728;;sruby_roubenky
CHALOUPKA ZÁPADOČEŠKA (6331);725013024;;sruby_roubenky
Včelín u řeky Otavy (19639);606241533;;sruby_roubenky
Drevenica Emilka (6260);+421902404010;;sruby_roubenky
Roubenka Krajinářka (7688);606911835;;sruby_roubenky
Štramberk roubenka (21754);732858848;;sruby_roubenky
Chalupa Jandulka (12604);724689392;;sruby_roubenky
Zrubový dom (19110);+421905582522;;sruby_roubenky
Podstavkovy Dom Educare (10041);+48508368065;;sruby_roubenky
Chalupa k pronájmu (2223);723149099 | 602436810;;sruby_roubenky
Roubenka pod Buchlovem (16208);733188338;;sruby_roubenky
Srubová chata u vody (13286);777953592;;sruby_roubenky
Chata Olešenka (18210);;;sruby_roubenky
U Sluníčka (800);732763887;;sruby_roubenky
Chata Mříčná (21985);606536818 | 723757503;;sruby_roubenky
Chata Andělka (5818);775350016;;sruby_roubenky
Chata U Studánky (9781);499111024 | +420734233166;;sruby_roubenky
Roubenka 42 (17551);777938666 | 731917609;;sruby_roubenky
Apartmány u stezky (Chalupa Pod Menhiry) (15540);721610746;;sruby_roubenky
Chalupa Fialka (3889);608900544 | 608900545;;sruby_roubenky
Roubenka U Vrabců (12789);608050066;;sruby_roubenky
Chalupa Lebeda (5438);731545424;;sruby_roubenky
Chata Roubenka (7578);606556777;;sruby_roubenky
Finský Srub Honka - Veera (1007);602225055 | 602338448;;sruby_roubenky
Mobilní salaš (19747);723749424;;sruby_roubenky
Chalupa Berkovka (3562);602205088;;sruby_roubenky
Poloroubená chalupa Pod skalami (9993);+42060521412 | +42060888263;;sruby_roubenky
Roubenka u Kopřivné (15966);606682666;;sruby_roubenky
Penzion pod Železným vrchem (7767);775371780;;sruby_roubenky
Treehouse Stvořidla (1537);723364204;;sruby_roubenky
Chalupa pod Mariánskou horou (21493);773334373;;sruby_roubenky
Roubenka U 2 přátel (14011);+420734306280;;sruby_roubenky
Chaloupka u lesa (11622);731775651;;sruby_roubenky
Chalupa Barbara (19814);723368452;;sruby_roubenky
Roubenka Štěpánka (22078);733404527;;sruby_roubenky
Chalupa Hanačka (4339);+420499111024 | +420734233166;;sruby_roubenky
Vlkovská roubenka (17036);606400843 | 732629882;;sruby_roubenky
Srubová chata (3868);+420776673006;;sruby_roubenky
Pronájem obytného vozu Horky u Litomyšle (4182);603368690 | 603784358;;sruby_roubenky
Chata Stará Pila (18351);775000534;;sruby_roubenky
Roubenka Jindřiška (4193);777751230;;sruby_roubenky
Roubenka Lužany (22121);602113620;;sruby_roubenky
Maringotka v údolí (21058);602307718;;sruby_roubenky
Horská chata Krajánek (1544);499111024 | +420734233166;;sruby_roubenky
Chalupa u lávky (17065);+420777998130;;sruby_roubenky
Chata u rybníka Jánuš (21342);724061515 | 723953243;;sruby_roubenky
Chalupa k pronájmu (4073);735970987;;sruby_roubenky
Roubenice u České Třebové (16043);604980065;;sruby_roubenky
Autentická horská chalupa ze 17. století s vnitřním dvorem (4586);604490245;;sruby_roubenky
Roubenka Švestka (1521);777709177;;sruby_roubenky
Poloroubenka (2677);602595336;;sruby_roubenky
Roubenka (7722);775660601;;sruby_roubenky
Chaloupka v Ráji (2812);602962601;;sruby_roubenky
Srub u hradu Pořešín (11996);723938042;;sruby_roubenky
Roubenka PETRUŠKA (8363);604372497 | 737969000;;sruby_roubenky
Finskä chata (8320);777565102;;sruby_roubenky
Srub u rybníka (543);777222670;;sruby_roubenky
Roubenka Verunka (11316);607629354 | 725112560;;sruby_roubenky
Roubenka (5596);603885512;;sruby_roubenky
Chata Roubenka (4015);;;sruby_roubenky
Bobrova roubenka (4862);739081961;;sruby_roubenky
Ubytování Havlík (15334);732294306;;sruby_roubenky
Chata k pronájmu (7573);777015827;;sruby_roubenky
Apartmány Hojsova Stráž (19079);778309444;;sruby_roubenky
Chalupa u potoka (12828);777324466;;sruby_roubenky
Pronájem chalupy (3769);739231183;;sruby_roubenky
Roubenka Zlatnice (1840);725724883;;sruby_roubenky
Roubenka k pronájmu (15389);731519892;;sruby_roubenky
Chaloupka Dolní Morava (18817);+420732405333 | +420704054828;;sruby_roubenky
Chalupa k pronájmu (6780);737387026;;sruby_roubenky
Ubytování u Babičky (17787);+420603275978;;sruby_roubenky
Stylová roubenka (1391);777083535;;sruby_roubenky
Jedová Chýše (18075);774319625;;sruby_roubenky
Fara (4805);731598905;;sruby_roubenky
Bystřecká roubenka (3936);777269872;;sruby_roubenky
Chalupa k pronájmu (8577);605441901;;sruby_roubenky
Srub v Bolkovském údolí (5059);608178503 | 722927177;;sruby_roubenky
Rychnovská bouda (5280);777292818;;sruby_roubenky
Pronájem RD k rekreaci (1794);734505911;;sruby_roubenky
Poloroubenka Malé Svatoňovice (9306);+420608520619 | +420739630535;;sruby_roubenky
Tradiční roubenka Kuncovna (6690);731110472;;sruby_roubenky
Chata ROUBENKA Klášterec nad Orlicí (2250);604631561;;sruby_roubenky
U Ježka (7391);720704607 | 608822863;;sruby_roubenky
Chalupa Skalice (1322);604445687;;sruby_roubenky
